id_question,stu_answer,grade
18,ز,0
18,جبرائيل,1
18,جبريل,2
18,جبريل عليه السلام,2
18,سيدنا جبريل عليه السلام,2
18,"جبريل عليه السلام
 ",2
18,إسم الملك الذي جاء بالوحي إلى رسول الله صلى الله عليه وسلم هو جبريل عليه السلام,2
18,جبريل عليه السلام,2
18,جبريل عليه السلام,2
18,جبريل,2
18,جبريل عليه السلام,2
18,جبريل عليه السلام,2
18,جبريل,2
18,جبريل عليه السلام,2
18,جبريل عليه السلام,2
18,جبريل عليه السلام,2
18,جبريل عليه السلام,2
18,جبريل,2
18,جبريل,2
18,سيدنا جبريل,2
18,"جبريل عليه السلام
",2
18,اسم  الملك المكلف بالوحي هو جبريل عليه السلام,2
18,سيدنا جبريل عليه السلام,2
18,جبريل,2
18,جبريل عليه السلام,2
18,جبريل عليه اليلام,2
18,جبريل,2
18,جبريل عليه السلام,2
18,الملك جبريل,2
18,جبريل,2
18,جبريل عليه السلام,2
18,جبريل,2
18,سيدنا جبريل,2
18,جبريل عليه السلام,2
18,الملك جبريل,2
18,_ سيدنا جبريل.,2
18,سيدنا جبريل عليه السلام,2
18,جبريل عليه السلام,2
18,إسم الملك هو جبريل,2
18,جبريل,2
18,جبريل عليه السلام.,2
18,جبريل عليه السلام,2
18,جبريل,2
18,جبريل,2
18,الملك جبريل,2
18,جبريل,2
18,جبريل عليه السلام,2
18,جبريل عليه السلام,2
18,جبريل عليه السلام,2
18,أسم  الملك الذي جاء بالوحي هو جبريل عليه السلام,2
18,جبريل,2
18,جبريل عليه السلام,2
18,الملك الدي جاء بالوحي هو جبريل .,2
18,سيدنا جبريل,2
18,الملك الذي جاء بالوحي إلى رسول الله صلى الله عليه وسلم هو جبريل عليه السلام,2
18,جبريل عليه السلام,2
18,جبريل عليه السلام,2
18,جبريل,2
18,جبريل عليه السلام,2
18,الملك جبريل عليه السلام,2
18,سيدنا جبريل,2
18,جبريل عليه السلام,2
18,جبريل عليه السلام,2
18,اسمه جبريل عليه السلام,2
18,جبريل عليه السلام,2
18,جبريل عليه سلام,2
18,جبريل عليه السلام,2
18,‏اسم الملك الذي جاء بالوحي إلى رسول الله صلى الله عليه وسلم هو جبريل عليه السلام .,2
18,جبريل عليه السلام,2
18,جبريل عليه السلام,2
17,جبريل,0
17,ا,0
17,سورة القلم,0
17,إقراء,0
17,سورة القلم,0
17,سورة القلم,0
17,القلم,0
17,سورة الفلق,0
17,,0
17,أول ما نزل من القرآن الكريم على سيدنا محمد صلى الله عليه وسلم هي سورة القلم (إقرأ),0
17,العلق,1
17,إقرأ,1
17,سورة إقرأ,1
17,اقرأ,1
17,اقرأ,1
17,سورة إقرأ,1
17,أول ما نزل هي اقرا,1
17,اقرأ,1
17,سورة اقرأ : { اقرأ،اقرأ،اقرأ باسم ربك الذى خلق}.,1
17,اقرا باسم ربك الذي خلق,1
17,اقرء,1
17,سورة إقرأ,1
17,أول ما نزل من القرآن الكريم على سيدنا محمد صلى الله عليه وسلم هي سورة إقرأ,1
17,سورة اقرأ,1
17,إقرأ سورة القلم,1
17,إقرأ,1
17,إقرأ,1
17,{اقرا باسم ربك الدي خلق},1
17,اقرا بسم ربك الذي خلق,1
17," ‏أول ما نزل من القرآن الكريم على سيدنا محمد صلى الله عليه وسلم هي الاية : ""اقرأ بسمي ربك الذي خلق"" .",1
17,إقرأ بإسم ربك ااذي خلق,1
17,إقرأ بإسم ربك الذي خلق,1
17,سورة العلق,2
17,اقرا باسم ربك الذي خلق,2
17,سورة العلق,2
17,أول ما نزل من القرآن الكريم على سيدنا محمد صلى الله عليه وسلم هو إقرأ باسم ربك الذي خلق سورة العلق,2
17,سور العلق,2
17,أول ما نزل من القرآن الكريم على سيدنا محمد ص اقرأ باسم ربك الذي خلق,2
17,إقرأ سورة العلق,2
17,سورة العلق,2
17,سورة العلق,2
17,سورة العلق,2
17,سورة العلق,2
17,سورة العلق,2
17,سورة العلق,2
17,أول آية  نزلت  من  القرآن على رسول  الله صلى الله عليه وسلم هي: إقرأ باسم  ربك  الذي  خلق,2
17,(سوره العلق) اقرا باسم ربك الذي خلق,2
17,العلق,2
17,سورة العلق,2
17,سورة العلق,2
17,سورة العلق,2
17,سورة العلق,2
17,العلق,2
17,سورة العلق (إقرأ باسم ربك الذي خلق ...),2
17,اقرأ باسم ربك الذي خلق ، خلق الإنسان من علق.,2
17,سورة العلق,2
17,سوره العلق,2
17,"إقرأ بإسم ربك الذي خلق خلق الإنسان من علق

سورة العلق ",2
17,"سورة العلق
",2
17,العلق,2
17,سورة العلق,2
17,اقرا اقرا      سورة العلق,2
17,أول ما نزل من القرآن الكريم على الرسول صلى الله عيله و سلم  سورة العلق   ( اقرا  ),2
17,سورة العلق,2
17,سورة العلق,2
17,العلق,2
17,سورة العلق,2
17,سورة العلق,2
17,سورة العلق,2
17,اول ما نزل من القرآن الكريم على الرسول صلى الله عليه وسلم هو:(اقرأ باسم ربك الذي خلق خلق الانسان من علق اقرأ وربك الأكرم الذي علم بالقلم علم الإنسان ما لا يعلم).,2
16,سير,0
16,ن,0
16,سيرة,0
16,تعرض صلى الله عليه وسلم للأذى و المكاره,0
16,كانت سرا,1
16,كانت دعوة الرسول صلى الله عليه وسلم في البداية سرية دامت 3 سنوات,1
16,كانت الدعوة السرية,1
16,سيرية,1
16,كانت دعوة الرسول في البداية السرية.,1
16,كانت الدعوة السرية,1
16,‏كانت دعوة الرسول في البداية دعوة السرية .,1
16,كانت الدعوة سرية,2
16,سرية,2
16,سرية,2
16,كانت دعوة الرسول في البداية سرية.,2
16,سرية,2
16,سرية,2
16,كانت سرية,2
16,سرية,2
16,كانت دعوة الرسول صلى الله عليه وسلم في البداية  سرية,2
16,دعوة سرية,2
16,سرية,2
16,كانت الدعوة سراً,2
16,سرا,2
16,سرية,2
16,سرية,2
16,كانت دعوة الرسول في البداية سرية,2
16,سرا,2
16,سرا,2
16,كانت دعوة الرسول في البداية سرية,2
16,كانت سرية,2
16,سرية,2
16,كانت دعوة سرية,2
16,بمكة وكانت سرية,2
16,سرية,2
16,كانت دعوة سرية,2
16,كانت سرية,2
16,سرا,2
16,سرية,2
16,كانت سرية,2
16,سرا .,2
16,"كانت الدعوة سرية
",2
16,سريه,2
16,كانت دعوة سرية,2
16,كانت في البداية سرية,2
16,كانت الدعوة في البداية سرية .,2
16,سرية,2
16,سرية,2
16,سرية,2
16,سرية,2
16,سرية,2
16,كانت الدعوة سرية,2
16,كانت الدعوة في البداية  سرية .,2
16,سرية,2
16,سرية,2
16,سرية,2
16,كانت دعوة الرسول في البداية سرية,2
16,سرية,2
16,سرية,2
16,سرية,2
16,سرية,2
16,كانت في البداية دعوة سرية,2
16,سرية,2
16,كانت سرية,2
16,كانت دعوة الرسول صلى الله عليه وسلم في البداية سرا.,2
16,سرية,2
16,سريه,2
16,كانت دعوته سرية,2
16,سرية,2
16,سرية,2
15,دامت 13 سنة و تميزت بصبر الرسول على أذي المكذبين,0
15,دامت الدعوة في مكة 13سنة تميزت بصبر الرسول صلى الله عليه وسلم على أذى المشركين,0
15,13سنة. كما  تميزت بالصبر,0
15,دامت ثلاثة عشرة سنة وتميزت بجرأة الرسولص بتبليغه الدعوة  رغم ما لقي من الأذى والمكاره.,0
15,ثلاثة سنين الصبر,0
15,ز,0
15,12سنة,0
15,تلاتةعشر سنة وتميزة بالصبر,0
15,دامت  الدعوة السرية  في مكة 13 سنة،وقد  تميزت  بكون الرسول صلى الله عليه وسلم دعا  فيها فقط  أهله  و  من  توسم  فيهم  الخير,0
15,12 سنة,0
15,"ثلاثة عشرة سنة وتتميز ب
ان الرسول (ص) كان يصلي بعيدا عن مكة
انه قام بدعوة المقربين  فدخلو للاسلام",0
15,دامت,0
15,13 سنة,0
15,دامت 13 سنة,0
15,13سنة,0
15,دامت 13 سنه,0
15,دامت 13 سنة.,0
15,13 سنة,0
15,دامت ١٣سنة، تميزت بارسال الدعوة الى التوحيدالله.,0
15,١٣ سنة تميزت من السرية إلى الجهرية.,0
15,13سنة و تميزت بانها كانت تقتصر فقط على العاءلة,0
15,10 سنوات,0
15,دامت 13 سنة تميزت بإدخال الناس إلى الدين,0
15,13 سنه,0
15,13سنة بالنصر,0
15,13سنة تميزت بالنصر,0
15,٣ سنوات تميز بتجميع مسلمين,1
15,3 سنوات,1
15,ثلاث سنوات في مكة / أسلم فيها عدد من الصحابة رضي الله عنهم وزوجة الرسول صلى الله عليه وسلم، خديجة بنت خويلد رضي الله عنها,1
15,ثلات سنوات,1
15,دامت ثلاثة سنوات ومتميزة بأن الرسول صلى الله عليه وسلم قم بدعوة القريبين من قلبه,1
15,دامت الدعوة السرية 3 سنوات و تميزت بإنذار العشيرة الأقربين,1
15,تلات سنين,1
15,ثلاث سنوات,1
15,13 سنة، بثلاث سنوات سرية و 10 سنوات جهرية.,1
15,3سنين,1
15,3سنوات ومتازت ب,1
15,ثلاث سنين,1
15,3 سنوات,1
15,3 سنوات.,1
15,3 سنوات,1
15,3 سنوات,1
15,تلاثة سنوات,1
15,3 سنين ،تميزت بان القليل من الناس الذين امنوا بالرسول.,1
15,ثلات سنوات,1
15,دامت 3 سنوات وتميزت بالتركيز على القرآن,1
15,دامت الدعوة السرية في مكة ثلاثة سنوات  .,1
15,3سنوات,1
15,3 سنوات وامتازت أنها كانت سرية,1
15,دامت الدعوة السرية في مكة 3سنوات,1
15,3سنوات,1
15,دامت الدعوة السرية في مكة 3 سنوات.,1
15,دامت 3سنين,1
15,3سنين,1
15,دامت الدعوة السرية بمكة ثلاث سنوات,1
15,دامت ثلاث سنين وتميزة بأنها كانت تدعوا الناس سرا,1
15,دامت 3 سنين وتميزت بالصبر على الأذى,1
15,دامت الدعوة السرية بمكة المكرمة ثلاث سنوات حيث كان عدد المسلمين قليلا و لم يكن جميع الناس يعلمون بوجود دين اسمه الإسلام.,1
15,"دامت ثلاث سنوات وتميزت بالإقتصار على دعوة الأقارب فقط  قال تعالى :"" و أنذر عشيرتك اﻷقربين "" صدق الله العظيم   ",2
15,٣ سنوات و كانت سرية,2
15,دامت ٣سنوات ،تميزت بنشر الدعوة بين أهل الرسول ومن توسم فيهم خيراً.,2
15,ثلاث سنين دعا فيها اهله ومن توسم فيهم الخير فكانوا من السابقين الى الاسلام,2
15,"دامت الدعوة السرية في مكة 3 سنوات
تميزت بالسر",2
15,دامت 3سنين دعا فيها أهله ومن تتسم فيهم الخير فكانوا من السابقين إلى الاسلام,2
15,دامت الدعوة 3سنوات وتميزت أن الرسول دعى فيها أهله ومن توسم فيهم خيرا,2
15,٣ سنوات ، تميزت بان الرسول (ص) دعا فيها اهله و من توسم فيهم الخير.,2
15,دامت الدعوة السرية بمكة ثلاثة سنين دعا فيها قومه و من توسم فيهم الخير,2
15,ثلاث سنوات و تميزت بالسرية,2
15,دامت3سنوات في مكة وتميزت هاده الدعوة بدعوةاهله ومن توسم فيهم بالخير والسابقين الاسلام,2
15,‏دامت الدعوة السرية في مكة ثلاث سنوات وتميزت بتبليغ الدعوة للمقربين .,2
14,"بكر بن الصديق 
أبي هريرة
عمر بن الخطاب ",0
14,أبو بكر الصديق,0
14,,0
14,,0
14,ال ياسر ورعمر بن الخطاب و زوجه خديجه رضي الله عنها,0
14,علي,1
14,عمر بن الخطاب -أبو بكر الصديق,1
14,ابو بكر الصديق .,1
14,عائشة بنت أبي بكر - أبو عبيد بن الجراح -ابو سلمة بن عبد الأسد,1
14,علي بن أبي طالب رضي الله عنه,1
14,زوج الرسول صلى الله عليه و سلم  خديجة رضي الله عنها,1
14,علي بن أبي طالب رضي الله عنه,1
14,عاءشةرضي الله عنها     أبو سلمة بن عبد الأسد,1
14,زوجة النبي خديجة رضي الله عنها أبو بكر الصديق و زيد بن حارثة و علي بن أبي طالب,2
14,خديجة رضي الله عنها علي بن أبي طالب أبوبكر الصديق زيد بن حارثة و بلال بن رباح,2
14,خديجة بنت خويلد  - أبوبكر الصديق - علي بن أبي طالب رضي الله عنهم- زيد بن حارثة - بلال بن رباح رضي الله عنهم  ا,2
14,"من الرجال: زيد بن حارثة.أبو بكر الصديق رضي الله عنهما
من النساء: امرأة الرسول صلى الله عليه وسلم خديجة بنت خويلد رضي الله عنها
",2
14,خديجة رضي الله عنهل علي ابن أبي طالب....,2
14,خديجة بنت خويلد رضي الله عنها و علي بن ابي طالب و أبو بكر صديق,2
14,"من النساء زوجة الرسول خديجةرضي الله عنها 
من الاطفال علي بن ابي طالب رضي الله 
من الرجال ابوبكر الصديق زيد بن حارثة بلال بن رباح رضي الله عنهم",2
14,خديجة أم المؤمنين، أبو بكر ،زيد بن حارثة، بلال بن رباح، علي بن أبي طالب,2
14,ابو بكر الصديق_زيد بن حارثة_علي بن ابي طالب_بلال بن رباح_خديجة بنت خويلد,2
14,ابو بكر الصديق- ام مؤمنين خديجة- علي بن ابي طالب,2
14,"من النساء زوجة الرسول خديجة رضي الله عنها 
من الرجال ابوبكر الصديق زيد بن حارثة بلال بن رباح رضي الله عنهم 
من الاطفال علي بن ابي طالب رضي الله ",2
14,من النساء خديجة،من الأطفال علي ابن أبي طالب،من الرجال أبوبكر الصديق،زيد ابن حارثة،بلال بن أبي رباح.,2
14,خديجة رضي الله عنها زيد بن حارثة,2
14,ابوبكر ، علي ابن ابي طالب...,2
14,زياد ابن حراث، أبو بكر الصديق، بلال ابن رباح.,2
14,من السابقين إلى الإسلام أبو بكر الصديق، خديجة بنت  خويلد، علي  ابن أبي طالب ، زياد ابن  حارثة و  بلال  ابن  رباح  رضي  الله  عنهم,2
14,سيدتنا خديجة رضي الله عنها ، ابو بكر الصديق، زيد بن حارثه، بلال ابن رباح رضي الله عنهم، علي كرم الله وجهه.,2
14,أبو بكر الصديق-بلال بن رباح....,2
14,خديجة رضي الله عنها  _علي بن أبي طالب _ابوبكر الصديق.....,2
14,ابو بكر الصديق وخديجة رضي الله عنها و بلال,2
14,ابوا بكر الصديق  خديجة بنت خويلد   علي بن أبي طالب,2
14,"خديجة (بنت خويلد رضي الله عنها )
علي(ابن طالب رضي الله عنه )
ابو بكر الصديق",2
14,خديجة _ علي _أبوبكر,2
14,"
علي بن أبي طالب-بلال بن أبي رباح رضي الله عنهم",2
14,"خديجة رضي الله عنها
علي بن ابي طالب رضي الله عنه
بلال بن رباح و زيد بن حارثة و ابو بكر الصديق رضي الله عنهم",2
14,خديجة - أبو بكر - بلال بن رباح,2
14,زوجة النبي صلى الله عليه و سلم،علي بن أبي طالب،أبو بكر الصديق,2
14,_ابو بكر صديق._ زوجة الرسول خديجة ._ بلال بن رياح_  علي بن ابي طالب.,2
14,خديجة رضي الله عنهما و ابو بكر الصديق و زيد ابن حارثة,2
14,خديجه زوجه النبي صلى الله عليه وسلم و ابو بكر الصديق و علي ابن ابي طالب رضي الله عنه,2
14,خديجة، علي ابن ابي طالب و أبو بكر الصديق,2
14,زوجة النبي محمد صلى الله عليه وسلم و أبو بكر الصديق رضي الله عنه و علي بن ابي طالب,2
14,"من النساء : خديجة رضي الله عنها.
من الرجال : ابو بكر الصديق رضي الله عنه.
من الاطفال : علي ابن ابا بكر رضي الله عنه.",2
14,ابو بكر الصديق ، زيد بن حارثة و بلال بن رباح رضي الله عنهم .,2
14,خديجة علي ابن ابي طالب أبو بكر الصديق,2
14,خديجة-أبو بكر الصديق-علي بن أبي طالب...,2
14,"النساء :خديجة رضي الله عنها
الرجال : بلال بن حرثة، ابو بكر الصديق... 
الاطفال: علي بن ابي طالب. ",2
14,"من النساء: خديجة رضي الله عنه 
من الرجال:أبو بكر الصديق 
من الاطفال: علي بن أبي طالب ",2
14,زوجته خديجة.سمية.عمار.زيد بن الحارث.ابو بكر الصديق,2
14,خديجة بنت خويلد و ابو بكر الصديق,2
14,أبي بكر الصديق وخديجة,2
14,"-من النساء زوجته خديجة أم  المؤمنين  
- من الأطفال  علي ابن أبي طالب  
-من الرجال : أبو بكر الصديق ، بلال  ابن أبي الرباح ، زيد ابن حا رثة .",2
14,"خديجة رضي الله عنها
أبو بكر الصديق",2
14,على بن ابى طالب و أبوبكر الصديق وزوجته خديجة رضي الله عنهم,2
14,بعض الاسماء السابقين إلى الإسلام خديجة ام المؤمنين على بن أبي طالب أبو عبيدة,2
14,زوجة الرسول،بلال بن حارثة،...,2
14,"أم المؤمنين خديجة رضي الله عنها، علي ابن أبي طالب رضي الله عنه، أبوبكر الصديق رضي الله عنه ، زيد ابن حارثة رضي الله عنه، بلال بن رباح رضي الله عنه
",2
14,خديجة - علي بن أبي طالب -أبوبكر الصديق زيد بن حارثة - بلال بن رباح رضي الله عنهم,2
14,خديجة ام المؤمنين زوج الرسول رضي الله عنها بلال بن رباح زيد بن حرثة  علي بن ابي طالب  كرم الله وجهه و ابو بكر الصديق رضي الله عنهم,2
14,"من النساء :زوجة النبي خديجة
من الصبيان :علي بن ابي طالب 
من الرجال :ابو بكر الصديق ",2
14,"
خديجة زوجته علي بن أبي طالب وأبوا بكر الصديق رضي الله عنهم
",2
14,أبوبكر الصديق و علي بن أبي طالب خديجة بنت خويلد زوجة الرسول رضي الله عنهم,2
14,اسماء السابقين إلى الاسلام في ذاك الوقت هي :(من الأطفال:علي بن ابي طالب عليه السلام   والنساء:زوجة النبي صلى الله عليه وسلم ام المؤمنين خديجة رضي الله عنها و الرجل:ابو بكر الصديق رضي الله عنه زيد ابن حارثه رضي الله عنه بلال ابن رباح رضي الله عنه.,2
14,خديجة زوجة الرسول  و أبو بكر و علي بن أبي طالب رضي الله عنهم,2
14,خديجة رضي الله عنها علي ابن ابي طالب ابوا بكر الصديق,2
14,‏من النساء : زوج النبي صلى الله عليه وسلم أم المؤمنين خديجة رضي الله عنها، من الاطفال : علي بن أبي طالب رضي الله عنه ، و من الرجال : أبو بكر رضي الله عنه و زيد بن حارثة رضي الله عنه وبلال بن أبي رباح رضي الله عنه .,2
14,أبو بكر الصديق   بلال بن رباح   زيد بن حارثة,2
13,بذكر الله,0
13,كان يرفع عن سلوكهم ولا يرد عليهم بالمثل,0
13,و,0
13,البحث عن مكان قريب من مكة يستوطن فيه النبي و المسلمون و يؤسسون فيه دولة الإسلام و المسلمين  / نشر الإسلام خارج مكة,0
13,,0
13,بالاهانة و السب و السخرية و الاذى البدني و باتهامه بالكذب و السحر و الجنون,0
13,بالإهانة والسب والسخرية تارة والجنون والسحر تارة اخرى,0
13,واجه الإهانة و سب والأذى البدني,0
13,القرآن الكريم,0
13,السخرية و الاستهزاء,0
13,,0
13,عبادة الله,0
13,بالاستمرار بالدعوة، والإعراض عن المشركين، وعدم الاكتراث لهم,0
13,بالصمود,0
13,,0
13,الاهانة و السب و السخرية و الأذى البدني,0
13,‏تحمل الأذى والصبر .,0
13,واجهه بالصبر,1
13,"بالصبر
",1
13,واجه سيدنا محمد صلى الله عليه وسلم إيذاء قومه واجههم بالصبر راضيا بقعاء ربه .,1
13,بالصبر,1
13,واجه سيدنا محمد (ص)إيذاء قومه له بالصبر.,1
13,الصبر,1
13,بالصبر و التفاؤل و بالرضا بما كتب الله له,1
13,بالصبر,1
13,واجه سيدنا محمد صلى الله عليه و سلم قومه بالصبر,1
13,واجه محمد (ص)بالصبر,1
13,واجه إيذاء قومه بالصبر والدعاء.,1
13,بالصبر,1
13,بالصبر على الاذى,1
13,بالصبر على أذى المعذبين بدين الله,1
13,واجه سيدنا محمد صلى الله عليه وسلم إيذاء قومه له بالصبر,1
13,بالصبر,1
13,واجه قومه بالصبر و الطيبة,1
13,الصبر و التوكل,1
13,بصبره على الأى,1
13,بصبر و الاختشاء و راضيا بقصاء الله,1
13,بالصبر على الأذى,1
13,بالصبر,1
13,بالصبر,1
13,بالصبر.,1
13,بالصبر على الأذى,1
13,بالصبر,1
13,بالصبر,1
13,واجههم بالصبر.,1
13,واجه الرسول (ص) بالصبر .,1
13,بالصبر و الدعاء,1
13,بالصبر,1
13,بالصبر,1
13,(ص)بالصبر,1
13,بالصبر و الدعاء لهم بالهداية,1
13,بالصبر و الحكمة  .,1
13,بالصبر,1
13,واجه سيدنا محمد صلى الله عليه وسلم إيداء قومه بالصبر,1
13,واجه سيدنا محمد (ص) إيذاء قومه له بالصبر,1
13,بالصبر,1
13,بالصبر,1
13,بالصبر,1
13,بصبر,1
13,بالصبر,1
13,بالصبر,1
13,لم يواجه الرسول صلى الله عليه وسلم إيذاء قومه له بل صبر عليهم و أكمل دعوة إلى الإسلام     بأمر من الله تعالى.,1
13,بالصبر,1
13,صابرا مختشيا راضيا بقداء الله,1
13,واجههم بالصبر وقوة الارادة وواصل في تبليغ الدعوة,1
13,بالصبر,1
13,بالصبر,1
13,بالصبر و التفاؤل و بالرضا بما كتب الله له,2
13,"بالصبر ايمانا و احتسابا، راضيا بقضاء الله. 
",2
13,واجههم صبرا و احتسابا,2
12,,0
12,السب و الشتم و الإهانة  والسخرية,0
12,السكوت,0
12,س,0
12,صبر رسول(ص) عند موت احبابه و صبره عن سب قومه له شتمه و صبر على جوع و فقر,0
12,الالسب و الشتم...,0
12,لما كانوا يرموا عليه الحجارة يذهب ولا يقول شيء ويسبر,0
12,,0
12,صبره على الكذب  صبره على الاستهزاء,0
12,اذى المكذبين له بالسب والاهانة والتهامه بالسحر وبالجنون.,0
12,مواصلة الدعوة إلى التوحيد و كان يقابله السب بمثله,0
12,,0
12,السبت و الكسب و الاهانة,0
12,,0
12,صابرا محتسبا راضيا بقضاء الله,0
12,رسول الله صلى الله عليه وسلم - واجه الكفار بما يكرهون حينما أصروا على باطلهم، وتحداهم بما عجزوا عن مقاومته حتى أسقط سمعتهم الوهمية القائمة على الدجل واستغلال غفلة العقول,0
12,الصبر,0
12,سب بمتله و اعنف,0
12,طول البال     حسن الخلق,0
12,طول البال    حسن الخلق,0
12,استمراره في تبليغه للدعوة راضيا بقضاء الله.,1
12,ترفعه عن مقابلة السب بمتل,1
12,مواصلةالدعوة الى التوحيد.......,1
12,لا يرد الاذى بالأذى-والمجادلة بالتي هي أحسن...,1
12,تجنب الغضب و عدم معاملتهم بالمثل,1
12,ترفعه على مقابلة السب بمثله,1
12,عدم رد العنف بمتله,1
12,عدم رد الفعل بمتله,1
12,لم يرد السب بمثله ولا يرد العنف بمثله,1
12,لا يؤدي من اذاه ويواصل في تبليغ الدعوة,1
12,"ترفعه عن مقابلة السب بمثله
عدم مقابلة العنف بمثله 
مواصلة الدعوة إلى التوحيد",2
12,مواصلة الدعوة إلى التوحيد دعم مقابلة العنف بمثله  ترفعه عن مقابلة السب بمثله,2
12,"ترفعه عن مقابلةالسب بمثله 
عدم مقابلة العنف بمثله 
مواصلة الدعوة إلى التوحيد ",2
12,لم يكن رده لمثل و كان يرد بالحسنى,2
12,ترفعه عن مقابلة السب بمثله / عدم مقابلته العنف الجسدي بمثله / مواصلة الدعوة إلى التوحيد,2
12,"ترفعه عن مقابلة السب بمثله 
عدم مقابلة العنف الجسدي بمثله 
المواصلة في الدعوة إلى التوحيد",2
12,مواصلة دعوته الى التوحيد  دون مقابلة العنف والسب بمثله,2
12,"ترفعه عن مقابلة السب بمثله 
عدم مقابلة العنف الجسدي بمثله 
مواصلة الدعوة إلى التوحيد ",2
12,من مظاهر صبره (ص)،ترفعه عن مقابلة السب بمثله،عدم مقابلته العنف الجسدي بمثله،مواصلته سبيل الدعوة.,2
12,ترفعه عن مقابلة السب بمثله,2
12,"ترفعه على السب بمثله.
عدم العنف بمثله.
مواصلة الدعوة إلى التوحيد. ",2
12,من مظاهر صبر الرسول صلى الله عليه وسلم على  الأذى: ترفعه  عن  مقابلة  السب  بمثله، عدم  مقابلة العنف  بمثله، مواصلة  الدعوة  إلى التوحيد,2
12,"ترفعه عن مقابلة السب بمثله
عدم مقابلة العنف بمثله
مواصلة الدعوة الى التوحيد",2
12,مواصلة الدعوة إلى التوحيد ، ترفعه عن مقابلة السب بمتله،عدم مقابلة العنف الجسدي بمكتبه.,2
12,"ترفعه عن مقابلة السب بمثله
عدم مقابلة العنف بمثله
مواصلة الدعوة إلى التوحيد


",2
12,"ترفعه عن مقابلة السب بمثله
عدم مقابلة العنف بمثله
مواصلة الدعوة الى التوحيد",2
12,"ترفعه عن مقابلة سب بمثله 
عدم مقابلته العنف الجسدي بمثله
مواصلة الدعوة إلى التوحيد",2
12,"ترفعه عن مقابلة السب بمثله
عدم مقابلة العنف بمثله
مواصلة الدعوة الى التوحيد",2
12,"عدم مقابلة السب بمثله
عدم مقابلة العنف البدني بمثله
مواصلة الدعوة",2
12,"ترفعه عن مواجهته السب بمثله
عدم مقابلته العنف الجسدي بمثله
مواصلة الدعوة الى التوحيد.",2
12,"ترفعه عن  مقابلة السب بمثله .
عدم مقابلة العنف بمثله.
مواصلة الدعوة الى التوحيد.
",2
12,ترفعه عن مقابلة السب بمثله عدم مقابلته العنف الجسدي بمثله مواصلة الدعوة إلى التوحيد,2
12,"هناك 3 مضاهر صبر الرسول
_ توقعه عن مقابلة السب بمثله. 
_ عدم مقابلة العنف بمثله. 
_مواصلة الدعوة الى التوحيد. ",2
12,"ترفعه عن مقابلة السب بمثله 
عدم مقابلته العنف الجسدي  بمثله  
مواصلته الدعوة إلى التوحيد
",2
12,عدم مقابلت السب بمتله مواصلة العوة الى التوحيد,2
12," -ترفعه عن مقابلة السب بمثله .
-عدم مقابلة العنف الجسدي بمثله 
-مواصلة الدعوة إلى التوحيد  ",2
12,مضاهر صبر رسول الله صلى الله عليه وسلم على الأذى ترفعه عن مقابلة والسب بمثله_عدم عن مقابلة العنف بمثله _ موصلة الدعوة إلى التوحيد.,2
12,ترفعه عن مقابلة السبب بمثله،عدم مقابلة العنف بمثله،مواصلة الدعوة إلى التوحيد.,2
12,مواصلة  الدعوة إلى التوحيد ،بترفعه عن مقابلة السب بمثله ، بعدم مقابلة العنف بمثله,2
12,ترفعه عن مقابلة السب بمثله_عدم مقابلة العنف الجسدي بمثله,2
12,"ترفعه عن مقابلة السب بمثله 
عدم مقابلته العنف الجسدي بمثله
مواصلة الدعوة الى التوحيد",2
12,ترفعه عن مقابلة السب بمثله - عدم مقابلة العنف بمثله - مواصلة الدعوة إلى التوحيد,2
12,ترفعه عن مقابلة السب بمثله,2
12,"ترفعه عن مقابلة السب بمثله
عدم مقابلته العنف بمثله
مواصلة الدعوة الى التوحيد",2
12,"ترفعه عن مقابلة السب بمثله
ترفعه عن مقابلة العنف بمثله
مواصلة الدعوة إلى التوحيد ",2
12,عدم الدعاء فيهم و عدم رد الأدى ب مثله,2
12," 1-ترفعه عن مقابلة السب بمثله
 2-عدم مقابلته العنف الجسدي بمثله 
3-مواصلة الدعوة الى التوحيد ",2
12,من مظاهر صبر الرسول صلى الله عليه وسلم على الأذى : ترفعه عن مقابلة السب بمثله عدم مقبلة العنف بمثله مواصلة الدعوة إلى التوحيد.,2
12,عدم رد الأذى بمثله و عدم الدعاء عليهم,2
12,‏من مظاهر صبر رسول الله صلى الله عليه وسلم على الأذى : ترفعه عن مقابلة السبب بمثله ، و عدم مقابلته السب بمثله ، و العنف الجسدي بمثله ، و مواصلة الدعوة إلى التوحيد .,2
11,ز,0
11,كانت الدعوة بانه يناديهم بأعلى صوت,0
11,لقد قاموا بأداء الرسول صلى الله عليه وسلم.,0
11,كل ناس يعرفها,0
11,,0
11,كانت جهرا,0
11,كانت دعوة الرسول قومه في المرحلة الثانية هجري,0
11,كانت دعوة الرسول صلى الله عليه وسلم لقومه في المرحلة الثانية صعبة بالنسبة له حيث كان يتلقى الأذى من قوم قريش و من باقي الناس.,0
11,هجرية,1
11,كانت دعوة الرسول(ص)في المرحلة الثانية هجرية.,1
11,هجرية,1
11,هجرية,1
11,كانت في المرحلة الثانية هجرية,1
11,هجرية,1
11,هجرية,1
11,كانت جهرا,2
11,جهرية,2
11,جهراً,2
11,كانت دعوة الرسول صلى الله عليه وسلم في المرحلة الثانية جهرية,2
11,جهرية,2
11,جهرية,2
11,جهرية,2
11,كانت علنية,2
11,جهرية,2
11,كانت دعوة الرسول صلى الله عليه وسلم في المرحلة الثانية جهرا,2
11,كنت دعوة جهراً,2
11,كانت علنية,2
11,جهرية,2
11,كانت الدعوة جهرية.,2
11,جهرية,2
11,جهرية,2
11,كانت دعوة الرسول في المرحلة الثانية جهرية,2
11,جهرا,2
11,كانت دعوة الرسول في المرحلة الثانية جهرا.,2
11,جهرية,2
11,جهرية,2
11,جهرية,2
11,كانت الدعوة جهرية,2
11,كانت جهرية,2
11,جهرا,2
11,كانت الدعوة جهرية,2
11,كانت الدعوة جهرية,2
11,جهريه,2
11,جهرا,2
11,كانت الدعوة جهرية.,2
11,جهرية,2
11,"كانت الدعوة إلى الله جهرا
",2
11,جهرية,2
11,جهرية,2
11,جهرية,2
11,كانت جهرية,2
11,جهرية,2
11,الدعوة الثانية كانت جهرا وباللسان فقط واستمرت إلى الهجرة,2
11,في المرحلة الثانية كانت الدعوة جهرية .,2
11,جهرا,2
11,جهرية,2
11,كانت دعوة الرسول قومه في المرحلة الثانية جهرية,2
11,جهرية,2
11,جهرية,2
11,جهرية,2
11,جهرية,2
11,كانت الدعوة جهرية في المرحلة الثانية,2
11,كانت الدعوة جهرية,2
11,جهرا,2
11,جهرية,2
11,جهرا,2
11,كانت جهرية,2
11,"‏المرحلة الثانية من دعوة الرسول كانت جهرا . قال تعالى : "" و اصدع بما تؤمر و اعرض عن المشركين "" .",2
11,جهرا,2
11,جهرية,2
10,أقبل عليهم صابرا موقنا بأن الله غالب على أمره,0
10,,0
10,أقبل عليهم بالدعوة عند دعوتهم,0
10,اقبل الرسول عليهم عند دعوتهم,0
10,يناديهم,0
10,ص,0
10,الدعوة الفردية و الدعوة الجماعية و التذكير الجهاد في سبيل الله,0
10,لم أفهم,0
10,اقبل عليهم رحيما والليناً,0
10,لم افهم فاصدع,0
10,,0
10,أقبل عليهم بلطف.,0
10,أقبل عليهم صابرا محتسبًا بقضاء الله,0
10,بالتفاءل,0
10,صابرا,0
10,أقبل عليهم بحسن الحوار والكلام الطيب,0
10,اقبل عليهم صابرا محاسبة راضيا بقداء الله ...,0
10,,0
10,جهرا,0
10,,0
10,صابرا محتسبا راضيا بقضاء الله موقنا بأنه تعالى غالب أمره,0
10,أقبل عليهم ب الأذى و المكاره,0
10,,0
10,اقبل عليهم في مواسم التجارة و الحج,0
10,باللطف والسكينة.,0
10,بالصبر,0
10,اقبل عليهم معرضين.,0
10,اقبل عليهم بطلب منهم ان ينصتوا اليه.,0
10,,0
10,,0
10,ثبت رسول الله على دعوته، واستمرّ الجهر بالدعوة إلى حين الهجرة إلى المدينة المنورة,0
10,,0
10,أقبل على قومه في الأول سرا من بعدها جهر بالدعوة,0
10,,0
10,,0
10,أقبل عليهم عند دعوتهم بالإحسان و الرحمة,0
10,,0
10,كان صابرا محتسبا راضيا بقضاء الله تعالى موقنا بانه تعالى  غالب على امره,0
10,بسبه وشتمه و أذيته و عدم الإسغاء اليه,0
10,اقبل الرسول صلى الله عليه وسلم عليهم عند دعوتهتم بشوشا لطيفا صبورا و متمنيا قبول دعوته و واثقا في رحمة الله تعالى وبركاته.,0
10,بالمحبة و الصبر على إيذائهم,0
10,,0
10,بالحسن و الليونة,0
10,بالحسن  و  الليونة,0
10,0,0
10,خرج الى قومه يناديكم باعلى صوت و يطلب منهم أن ينصتوا اليه,1
10,بأعلى صوت ويطلب منهم أن ينصتوا إليه,1
10,أقبل عليهم يناديهم بأعلى صوت ويطلب منهم توحيد الله,1
10,خرج يناديهم بأعلى صوت، وطلب منهم الاستماع له.,1
10,اقبل عليهم يناديهم باعلى صوت و يطلب منهم ان ينصتوا اليه,1
10,أقبل يناديهم بأعلى صوت و يطلب منهم الإنصات,1
10,خرج إليهم يناديهم بأعلى صوت و يطلهم منهم الإنصات إليهم,1
10,"خرج يناديهم و يطلب منهم ان ينصتوا له 
",1
10,خرج ص إلى قومه يناديهم بأعلى صوت,1
10,يناديهم و يطلب منهم أن ينصتوا اليه,1
10,اقبل عليهم يناديهم باعلى صوت,1
10,اقبل عليهم باعلى صوت,1
10,يقبل في أماكن تجمعهم مثل : دار الندوة و بالأسواق و بجوار مكة,1
10,اقبل يناديهم بأعلى صوته,1
10,ذهب إليهم في أماكن تجمعهم مثل دار الندوة و في الأسواق و بجوار الكعبة,1
10,أقبل عليهم بأعلى صوت,1
10,كان ينادي باعلى صوته لتبليغ الدعوة في الاماكن المزدحمة كالسوق والمدينة المنورة ومكة,1
10,‏أقبل رسول الله صلى الله عليه وسلم على قومه عند دعوته بجرأة على قول الحق والصبر على أذى المكذبين بدين الله .,1
10,دهب إلى أماكن تجمعهم و دعاهم إلى توحيد الله تعالى,2
10,كان يخرج  إليهم  و  يناديهم  بأعلى  صوت، و يطلب  منهم  أن  ينصتوا  إليه، و  بادر  إلى  زيارتهم  في  أماكن  تجمعهم، مثل  دار  الندوة  و في  الأسواق، و  بجوار  الكعبة، ليدعوهم  إلى  توحيد  الله تعالى . كما   عرض   دعوة الإسلام على زوار بيت الله  الحرام الوافدين  للحج و العمرة، كما زار  القرى  و  القبائل خارج مكة,2
10,بادر الى زيارتهم في اماكن تجمعهم: دار الندوة، و الاسواق، و بجوار الكعبة ليدعوهم الى توحيد الله تعالى,2
10,طلب منهم توحيد الله تعالى,2
10,اقبل عليهم باعلى صوت يناديهم ان ينصتوا اليه وا يعبدوا الله وان لا يشرموا به شيء.,2
10,بتوحيد الله تعالى و النهي عن عبادة الأصنام,2
10,خرج الرسول صلى الله عيله و سلم  إلى قومه يناديهم بأعلى الصوت و يطلب منهم أن ينصت إليه و زارهم في  دار  الندوة وفي الأسواق و بجوار الكعبة يدعوهم إلى التوحيد و عبادة الله   وكما دعا زوار بيت الله  الحرام  و كدالك زار القرى والقبائل خارج  مكة .,2
9,,0
9,(فأبدع بما تامر و اعرض عن المشركين ),0
9,و,0
9,,0
9,فما لهم عن التذكرة معرضين,0
9,,0
9,,0
9,,0
9,( فانذر عشيرتك الاقربين ),0
9,,0
9,,0
9,قال ياقوم اني لكم ندير مبين ان اعبدوا الله واتقره و أطعون,0
9,سورة الحجر,0
9,,0
9,,0
9,فمالهم عن التذكرة معرضين,0
9,,0
9,قال الله تعالى فاصدع بما تومر و أعرض عن المشركين,0
9,بسم الله الرحمان الرحيم:يأيها المدثر قم فأنذر وربك أكبر وثيابك فطره.        صدق الله العظيم,0
9,قال الله -تعالى-: (وَأَنذِرْ عَشِيرَت الأقربين),0
9,ذلك الكتاب لا ريب فيه هدا للمتقين,0
9,,0
9,,0
9,فايده بما أومر و اعرض عن المشركين,0
9,فما لهم عن التذكرة معرضين,0
9,قال الله تعالى (و أنذر عشيرتك الأقربين),0
9,و أنذر عشيرتك الأقربين,0
9,,0
9,يا ايها المدثر قم فاندر والى ربك فكبر,0
9,ادع الى سبيل ربك بالحكمةوالموعظة الحسنة,0
9,الآية: ادعو إلى سبيل ربك بالحكمة و الموعضة,0
9,واصدع بما تومر وأعرض عن المشركين,1
9,فاصدع بما تومر و اعرض عن تلمشركين .,1
9,فاجهر بما تؤمر واعرض عن المشركين.,1
9,"فما لهم عن تذكرة معرضين.
فاثدع بما تومر واعرض عن المشركين.",1
9,ا جهر بما تومر و اعرض عن المشركين,1
9,فاسده بما تومر و أعرض عن المشركين,1
9,(فاصدع بما تومر و اعر على المشركين),1
9,الآيات هي:(وانذر عشيرتك الأقربين)و(فصدع بما تومر و اعرض عن المشركين).,1
9,فاصدع بما تومر و أعرض عن المشركين,2
9,قال الله تعالى: 《فصدع بما تومر و أعرض عن المشركين 》.,2
9,فاصدع بما تؤمر وأعرض عن المشركين,2
9,"قال الله تعالى
بسم الله الرحمان الرحيم : فاصدع بما تؤمر وأعرض عن المشركين صدق الله العظيم. 
",2
9,فاصدع بما تومنوا و أعرض عن المشركين,2
9,فاصدع بما تؤمر واعرض عن المشركين,2
9,فاصدع بما تومر و اعرض عن المشركين,2
9,فصدع بما تمر وأعرض عن المشركين,2
9,قال تعالى:(فاصدع بما تؤمر و أعرض عن المشركين,2
9,بسم الله رحمان رحيم فاصدع بما تؤمر و اعرض عن مشركين سورة الحجر,2
9,فاصدع بما تومر و اعرض عن المشركين,2
9,"""فاصدع بما تومر وأعرض عن المشركين""
سورة الحجر.",2
9,الآية هي : فاصدع  بما تومر  و  أعرض  عن  المشتركين,2
9,"فاصدع بما تومر و اعرض عن المشركين
فما لهم عن التذكرة معرضين",2
9,فاصدع بما تومر و أعرض عن المشركين.,2
9,الصدع بما تامر وأعرض عن المشركين,2
9,فاصدع بما تومر و أعرض عن المشركين,2
9,فاصدع بما تومر و أعرض عن المشركين,2
9,فاصدع بما تومروا والعرض عن المشاركين,2
9,{فاصدع بما تومر و اعرض عن المشركين},2
9,"قول تعالى ""فاصدع بما تؤمر و اعرض عن المشركين"" ",2
9,~{فاصدع بما تومر و اعرض عن المشركين}~,2
9,فاصدع بما تومر و اعرض عن المشركين.,2
9,قا الله تعالى: (فاصدع بما تومر و اعرض عن المشركين).,2
9,فاصدع بما تومر و اعرض عن المشركين,2
9,قال تعالى  : (فاصدع  بما تورموا  واعرض عن المشاركين  ),2
9,قال الله تعالى : (فاصدع بما تومر و اعرض عن المشركين),2
9,فاصدع بما تومر و أعرض عن المشركين,2
9,قال الله تعالى لرسوله: فاصدع بما تومر و اعرض عن المشركين,2
9,فاصدع بما تؤمر و أعرض عن المشركين,2
9,""" ‏و اصدع بما تؤمر و اعرض عن المشركين "" .",2
8,هم قوم سالح,0
8,هم أسرة مباركة تم تعذيبهم من طرف المشركين,0
8,صحابة تعرضوا عن أذى رسول الله (ص),0
8,هم أول الناس من آمن بالرسول,0
8,ال ياسر هم عائلة هاجرت من اليمن إلى مكة.,0
8,صحابة رضوان,0
8,تسؤززسزسن,0
8,"تعد أسرة آل ياسر واحدةً من أعظم الأُسر في الإسلام

",0
8,أسرة مكونة من ثلاثة أفراد,0
8,هم  من اوائل الاسر الذين اعلنو اسلامهم,0
8,عائلة متكونة من ثلاث افراد,0
8,المشركون,0
8,من أول آمن برسالة الرسول ( ص ),0
8,آل  ياسر هم  أسرة  تعرضوا  إلى الأذى بسبب  إعلانهم  عن  إسلامهم,0
8,هم اسرة فقيرة مسلمة وهم من الصحابة,0
8,مسلمون قتلهم الكفار .,0
8,آل ياسر هم عائلة شريفة صبروا في سليل آلله,0
8,آل ياسر هم قوم أسلموا بالرسول صلى الله عليه و سلم فغضب عليهم مواليهم,0
8,هم ناس تعذبوا في حياتهم وفي الأخير فازوا بالجنة,0
8,هم ثلاث إخوة بخيلين,0
8,إنهم من الصحابة رضوان رضي الله عنهم,0
8,هم من السابقين الى الاسلام,0
8,رضوان  - عمار بن ياسر و ابوه,0
8,هم من السابقين في الاسلام,0
8,هم الأسرة التي ضحت في سبيل الله,0
8,هم عائلة صالحة صدقت بالرسالة رسول الله,0
8,إنها أسرة آمنت بالرسول صلى الله عليه وسلم,0
8,أسره آمنت برسول الله صلى الله عليه وسلم,0
8,هم أول الشهداء في الإسلام,0
8,آل ياسر هم من صحابة الرسول ( ص ),0
8,أول أسرة مبشرة بالجنة,0
8,هم العاءلة الذين آمرو بالرسول صلى الله عليه وسلم خلال الدعوة جهرا,0
8,أول أسرة دخلت في الاسلام,0
8,"كانوا أهل بيت إسلام
",0
8,ال ياسر هم من اواءل من اعلنو عن دينهم,0
8,هم اول الشهداء في سبيل دين,0
8,هم أسرة من قبيلة بنو مخزوم,0
8,,0
8,,0
8,,0
8,أسرة اسلمت في عهد الرسول صلى الله عليه و سلم,0
8,أسرة مسلمة,0
8,عائلة اعبدوا بسبب اسلامهم,0
8,هي اسرة مباركة بشرها رسول الله صلى الله عليه وسلم بالجنة بعد   تعرضها للتعذيب من قبل بني مخزوم,0
8,هم من آمنوا بالرسول,0
8,هم أول عائلة التي دخلت الى الإسلام و تعدبو ولم يستسلموا,0
8,أسرة أسلمت في عهد الرسول صلى الله عليه وسلم,0
8,هم اسره اسلمو,0
8,هما ابوه و امه نسيمة,0
8,إن آل ياسر من أوائل من آمن بدعوة الرسول صلى الله عليه و سلم .,0
8,آل ياسر هي أول أسرة أعلنت إسلامها,0
8,أول أسرة أعلمت إسلامها,0
8,آل ياسر هم أسرة مكونة من أب و أم و ولد هم أسرة سلموا عرفوا دين الحق أو الإسلام.,1
8,آل ياسر هم عائلة يتكون منها الأب و الأم و الولد,1
8,هم إحدى الصحابة الذين تعرضوا عن الأذى مثل عمار بن ياسر,1
8,رضوان و عمار و ابوه وامه سمية,1
8,عمار بن ياسر صحابي كان من موالي بني مخزوم,1
8,"آل ياسر هم من أوائل الناس الذين اعتنقوا الإسلام وهم: عمَّار بن ياسر -رضي الله عنه- وأمُّه سميَّة وهي أول شهيدٍ في الإسلام، وأبوه ياسر وأخوه عبد الله بن ياسر.

",1
8,"ال ياسر تتكون من الأب ياسر بن عامر و الأم سمية بنت خياط و عمار بن ياسر و أخوه عبد الله 
",1
8,الأب ياسر و الأم سمية و ابنهما عمار,2
8,هم عائلة مؤمنة بالله تتكون من ياسر الزوج و سمية الزوجة و عمار الإبن,2
8,هم سمية و ياسر و عمار,2
8,هم عائلة مؤمنة بالله تتكون من ياسر الزوج و سمية الزوجة و عمار الابن,2
8,هو ياسرأبو عمار،زوجته سمية ،إبنه عمار.,2
8,هى اسرة تتكون من الاب ياسر و ابن ياسر عمار و زوجة ياسر سمية.,2
8,آل ياسر هم عائلة صغيرة تتكون من 3 افراد، الام سمية و الاب عمار و الابن ياسر من قبل تعرضوا للاذى من زعيم قبيلة بنوا مخزوم لانهم امنوا بالرسول صلى الله عليه وسلم.,2
8,سمية_عمار بن ياسر_ياسر أبو عمار,2
8,ال ياسر هم سمية وعمار بن ياسر  و ياسر أبو عمار  الدين عذبوا من طرف  بنو محزوم  بسبب إسلامهم  .,2
8,هم ياسر و زوجته سمية و ابنهما عمار...و هاذه هي أول أسرة أسلمت بالكامل.,2
8,عمار بن ياسر و أبوه ياسر و أمه سمية أول شهيدة في الإسلام كانو من الأوائل الذين آمنو برسالة محمد (ص),2
7,,0
7,"تعرض آل ياسر إلى تعذيب من طرف المشركين فبالتعذيب ماتت الأم ""بنت الخياط"" و مات الأب أيضا و لكن الولد بقي حيا حتى كذب بدين الحق .",0
7,وسنسمس,0
7,الى العنف,0
7,إلى الموت,0
7,الى الضرب في جو حار بالرمل,0
7,لإنهيار جنتهم,0
7,كثير من الصحابة,0
7,الى القتل,0
7,قطعت أدنه,0
7,إلى العداب الشديد,0
7,إلى العنف,0
7,,0
7,تعرضوا آل ياسر إلى مثل ماتعرض له الرسول صلى الله عليه وسلم إذ كانوا يخرجون حميت الظهيرة فيعذبونه برمال مكة المحرقة.,0
7,تعرضوا للتعذيب عن طريق رمال مكة المحرقة,1
7,التعذيب حتى الموت,1
7,إلى أذى قريش,1
7,تعرض ال ياسر إلى التعديب من طرف أبي جهل.,1
7,للآدى,1
7,إلى الأذى,1
7,ا لى التعذيب حتى الموت,1
7,تعرض آل ياسر للعذاب,1
7,تعرض للأذى.,1
7,الى الاذى,1
7,إلى الأذى من طرف آل قريش.,1
7,تعرض  آل  ياسر إلى الأذى,1
7,إلى التعديب,1
7,تعرضوا للتعديب الشديد من لدون الكفار وحتى استشهدوا.,1
7,تعرض آل ياسر إلى التعديب الرمال مكة المحرقة,1
7,الى الاذى,1
7,لقد تعرضت للأذى من طرف قريش,1
7,إلى الأذى,1
7,إلى أشد أنواع العذاب,1
7,إلى التعذيب ثم القتل,1
7,تعرضة الاسرة الى عذاب بالرمال مكة المحروقة.,1
7,تعرض آل ياسر الى الاذى.,1
7,إلى الأذى,1
7,الى الاذى من طرف آل مخزوم.,1
7,إلى التعذيب,1
7,تعرض إلى الأسر و التعذيب,1
7,عدبو من طرف قريش,1
7,تعرض ال يا سر للتعذيب  والقتل و,1
7,إلى الاذى,1
7,إلى التعذيب,1
7,إلى الاذى,1
7,تعرض آل ياسر إلى التعديب,1
7,الى التعديب,1
7,تعرض ال ياسر للأذى,1
7,تعرضوا الإيذاء من طرف المشركين,1
7,الى التعديب,1
7,تعرضوا للتعذيب من طرف مواليهم بنوا مخزوم,1
7,تعرضو للأذى,1
7,الى التعديب,1
7,تعرض للأذى,1
7,للتعذيب,1
7,الى تعديب تحت المال محرقه,1
7,تعرضوا الى العذاب برمال المحرقة,1
7,‏كانوا يعذبونهم برمال مكة المحرقة .,1
7,تعرضو للأذى من المشركين لأنهم أسلموا,1
7,تعرضو إلى الأذى من القوم المشركين,1
7,إلى الاذى,2
7,تعرضوا إلى تعذيبهم الأول وضعوه تحت أشعة الشمس الحارقة وأحرقوه بالنار وابوه عذب حتى لفظ أنفاسه و أمه طعنها أبو جهل طعنة قاتلة,2
7,الى الاذى البدني بالتعذيب و الحرق بالرمال المحرقة,2
7,تعرض آل ياسر للتعذيب من طرف مشركين قريش,2
7,الى الاذى البدني بالتعذيب و الحرق بالرمال المحرقة,2
7,تعرضوا الى الاذى الشديد من مواليهم بنو مخزوم و يعذبونهم برمال مكة المحرقة,2
7,الأذى برمال مكة المحرقة,2
7,تعرضوا إلى تعذيبهم برمال مكة المحرقة,2
7,تعرضوا للآذى و التعذيب ليتركوا دين الاسلام,2
7,غضبَ عليهم مواليهم بنو مخزوم غضبًا شديدًا، وصاروا يعذِّبونهم ويصبُّون عليهم شتَّى أنواع العذاب,2
6,4,0
6,اثنان,0
6,وسزسم,0
6,الأب والأم,0
6,2,0
6,4,0
6,اثنان,0
6,اثنان,0
6,تلاثة,0
6,الاكثر ايذاء هم الوالدين ياسر و زوجته سمية.,0
6,٣ افراد ، عمار بن ياسر و ابوه و امه سمية .,0
6,3 وهم: سمية و عمار ابن ياسر و ياسر أبو عمر,0
6,,0
6,5,0
6,أفراد آل ياسر الذين تعرضوا للأذى عمار و أمه,0
6,5 أفراد,0
6,عددهم 4,0
6,ياسر بن مالك   سمية بنت الخياط,0
6,ياسر و سمية,1
6,عدد أفراد آل ياسر هو:الاب ياسر و الأم سمية و الإبن عمار,1
6,رضوان و عمار بن ياسر وامه و ابوه,1
6,الأم و الأب و عمار,1
6,عمار بن ياسر و امه و ابوه,1
6,عمار بن و أبوه وأمه سمية,1
6,سمية-عماربن ياسر-ياسر أبو عمار,1
6,عمار بن ياسر و ابوه وامه سمية,1
6,3هم,1
6,ياسر بن مالك    سميةبنت الخياط     عمار,1
6,3,2
6,3,2
6,هم 3 أفراد,2
6,ثلاث,2
6,ثلاثةافراد وهم: عمار رضي الله عنه، سمية وياسر.,2
6,ثلاثة,2
6,ثلاثة أشخاص,2
6,ثلاثة افراد,2
6,ثلاثة أفراد,2
6,ثلاثة أفراد,2
6,ثلاث افراد,2
6,ثلاثة أفراد,2
6,3,2
6,ثلاثة.,2
6,ثلاثة,2
6,3اشخاص,2
6,ثلاثة أفراد.,2
6,أفراد آل ياسر الذين تعرضوا إلى الأذى  ثلاثة,2
6,3,2
6,3افراد,2
6,ثلاثة,2
6,ثلاثة افراد,2
6,3,2
6,ثلاتة أفراد,2
6,ثلاثة,2
6,3 اشخاص,2
6,تلاثة ٣,2
6,3 افراد.,2
6,ثلاتة اشخاص,2
6,3 عمار ووأمه وأبيه,2
6,أفراد ال ياسر الدين تعرضوا للأذى  هم ثلاثة : سمية و عمار بن ياسر وياسر أبو عمار .,2
6,3,2
6,هم ثلاثة,2
6,3افراد,2
6,3 افراد,2
6,3أفراد,2
6,ثلاثة افراد و هم :عمار بن ياسر و ابوه و امه سمية,2
6,عمار بن ياسر و ابوه و أمه سمية,2
6,ثلاث,2
6,ثلاثة,2
6,تلاته افراد,2
6,‏الأب ‫ياسر والأم سمية والابن عمار .,2
5,بالكذب,0
5,زسنسك,0
5,عدم البخل,0
5,,0
5,,0
5,وعدهم : { سبرا يا آل ياسر، فموعدكم الجنة }~,0
5,,0
5,,0
5,بالصبر وتفاؤل,1
5,بالصبر لأن جزاءهم عند الله تعالى,1
5,سبرا آل ياسر,1
5,بالصمود و الصبر,1
5,نصحهم بأن يصبرو,2
5,بالصبر,2
5,نصحهم بالصبر,2
5,قال الرسول صلى الله عليه وسلم لآل ياسر : صبرا آل ياسر صبرا .,2
5,بالصبر,2
5,نصحهم الرسول (ص) بالصبر.,2
5,الصبر,2
5,بالصبر,2
5,نصحهم بالبصر,2
5,بالصبر,2
5,"نصحهم بالصبر لقوله صلى الله عليه وسلم صبرا آل ياسر فإن موعدكم الجنة
",2
5,نصحهم بالصبر,2
5,بالصبر,2
5,نصحهم بالصبر على الأذى,2
5,بالصبر والتباث وعدم الرجوع إلى الكفر.,2
5,بان يصبروا,2
5,بالصبر,2
5,بالصبر.,2
5,نصحهم  الرسول صلى الله عليه وسلم بالصبر,2
5,صبرا ال ياسر فان موعدكم الجنه,2
5,بالصبر,2
5,صبرا يا آل ياسر فإنا موعدك الجنة.,2
5,نصحهم بالصبر,2
5,بالصبر,2
5,بالصبر,2
5,نصحهم بالصبر,2
5,نصحهم بان يصبروا وبالا يكفروا بالله,2
5,بالصبر,2
5,بالصبر,2
5,بالصبر,2
5,ينصح م بأن يصبروا,2
5,بالصبر,2
5,بالصبر,2
5,نصحهم الرسول بالصبر .,2
5,بالصبر,2
5,نصحهم بان يصبروا.,2
5,بالصبر,2
5,نصحهم (ص)بالصبر,2
5,نصحهم بالصبر,2
5,نصحم بالصبر,2
5,نصحهم بالصبر .,2
5,بالصبر,2
5,نصحهم بالصبر,2
5,بالصبر,2
5,بالصبر,2
5,نصحهم بالصبر,2
5,بالصبر,2
5,نصحهم رسول الله صلى الله عليه و سلم بالصبر,2
5,بصبر,2
5,بالصبر,2
5,نصحهم بالصبر,2
5,نصحهم الرسول الله صلى الله عليه وسلم على الصبر على الأذى.,2
5,بالصبر,2
5,بالصبر,2
5,نصحهم بالصبر,2
5,‏نصح الرسول صلى الله عليه وسلم إلى آل ياسر بالصبر والتحمل .,2
5,نصحهم الرسول بالصبر,2
5,بالصبر,2
4,,0
4,,0
4,"بشرهم الرسول صلى الله عليه وسلم بالخير   الصبر.
",0
4,وسظس,0
4,بالتضحية في سبيل  الله,0
4,,0
4,بالبخل,0
4,,0
4,بشرهم بالصبر و ان لا الاه الى الله و محمد رسول الله.,0
4,بشرهم بكلام جميل .,0
4,,0
4,,0
4,(صبرا ال ياسر فموعدكم الجنة ),1
4,بان لهم بيت في الجنة,1
4,بشرهم رسول الله بأن موعدهم الجنة,2
4,بالجنة,2
4,بشرهم بالجنة,2
4,بشرهم الرسول بالجنة.,2
4,الجنة,2
4,بشرهم بالجنة,2
4,بشرهم بالجنة,2
4,بالجنة,2
4,بشرهم رسول الله صلى الله عليه وسلم بالجنة,2
4,بشرهم بالجنة,2
4,بشرهم بالجنة,2
4,بشرهم رسول الله ببيت في الجنة,2
4,بشرهم بالجنة.,2
4,بشرهم بالجنة,2
4,بالجنة.,2
4,بشرهم  رسول  الله صلى الله عليه وسلم بالجنة,2
4,بالجنة,2
4,بشرهم الرسول بالجنة,2
4,بشرهم بأن موعدهم الجنة,2
4,بالجنةصبرا,2
4,بالجنة,2
4,بشرهم بالجنة,2
4,بشرهم بان موعدهم الجنة,2
4,ان موعدهم في الجنة,2
4,بأن موعدهم الجنة,2
4,بالجنة,2
4,بالجنة,2
4,بالجنه,2
4,بالجنة,2
4,بالجنة,2
4,بالجنة,2
4,موعدكم الجنة,2
4,بالجنة,2
4,بان موعدهم الجنة.,2
4,الجنة,2
4,بشرهم (ص)بالجنة,2
4,بان موعدهم الجنة,2
4,بشرهم بالجنة,2
4,بشر هم بالجنة.,2
4,بالجنة,2
4,بشرهم بالجنة,2
4,بالجنة,2
4,بشرهم بدخول الجنة,2
4,بشرهم بالجنة,2
4,بالجنة,2
4,لقد بشرهم  رسول الله (ص) بالجنة,2
4,بالجنة,2
4,بشرهم بالجنة,2
4,بدجول الجنة,2
4,بشرهم الرسول صلى الله عليه وسلم بأن موعدهم الجنة.,2
4,بالجنة,2
4,بالجنه,2
4,بشرهم بالجنة,2
4,‏بشرهم بالجنة .,2
4,بالجنة,2
4,بالجنة,2
3,أشهر ان لا إلاالله,0
3,الرسول صلى الله عليه وسلم,0
3,بالدعوة,0
3,وسزس,0
3,لأنهم صبروا على التعذيب و الصبر دليل على حسن الإيمان و هو سببهم بالفوز بالجنة,0
3,لأنهم لم يسبوا الرسول (ص),0
3,نعم,0
3,فردان استشهدوا.,0
3,,0
3,نعم,0
3,انهم اسلمو رغم التعذيب الذي مرو به,0
3,,0
3,,0
3,نعم,0
3,سمية و ياسر,0
3,نعم,0
3,نعم,0
3,,0
3,,0
3,,0
3,,0
3,"قال الله تعالى ""منْ كَفرَ بِاللَّهِ مِنْ بَعْدِ إِيمَانِهِ إِلَّا مَنْ أُكْرِهَ وَقَلْبُهُ مُطْمَئِنٌّ بِالْإِيمَانِ وَلَكِنْ مَنْ شَرَحَ بِالْكُفْرِ صَدْرا فَعَلَيْهِمْ غَضَبٌ مِنَ اللَّهِ وَلَهُمْ عَذَابٌ عَظِيمٌ""
",0
3,,0
3,,0
3,,0
3,,0
3,,0
3,نعم استشهد على ذلك.,0
3,نعم,0
3,الأية: الذين هاجرو في سبيل الله من بعد ما ظلموا,0
3,الآية:الذين هاجرو في سبيل الله من بعد ما ظلموا,0
3,"""صبرا آل ياسر صبرا """,1
3,صبرا آلي ياس موعد كم الجنة,1
3,((الصبر كريق صبرا يا آل ياسر موعدكم الجنة  )),1
3,قال رسول الله صبرا فان موعدكم الجنة,1
3,"قال رسول الله(ص) ""صبرا آل ياسر إن موعدكم الجنة",2
3,صبرا آل ياسر فإن موعدكم الجنة,2
3,"قال رسول الله صلى الله عليه وسلم :""صبرا آل ياسر فإن موعدكم الجنة ",2
3,"قال رسول الله (ص): ""صبرا با ال ياسر، فإن موعدكم الجنة"" ",2
3,كان رسول الله اذ مر بهم و يتعذبون يقول لهم صبرا آل ياسر فإن موعدكم الجنة,2
3,صبرا آل ياسر فإن موعدكم الجنة,2
3,قال صلى الله عليه وسلم : صبرا آل ياسر فإن موعدكم الجنة,2
3,صبرا ال ياسر فان موعدكم الجنة,2
3,كلما مر الرسول عليهم وهم يتعذبون يقول لهم صبرا آل ياسر فإن موعدكم الجنة,2
3,"""صبراً آل ياسر،فإن موعدكم الجنة""",2
3,صبرا ال ياسر فان موعدكم الجنة,2
3,الدليل  على ذلك هو  كون  الرسول  صلى الله عليه وسلم  قال لهم: صبرا  آل  ياسر، فإن  موعدكم  الجنة,2
3,صبرا ال ياسر ، فإن موعدكم الجنة,2
3,قول الرسول صبرا يا آل ياسر فإنا موعدك الجنة,2
3,بينما الرسول متى من أمامهم وهم يتعدبون قال لهم (صبرا يا آل ياسر فإن موعدكم الجنة,2
3,صبرا آل ياسر فإن موعدكم الجنة,2
3,صبرا آل ياسر فإن موعدكم الجنة,2
3,"كان الرسول يمر على آل ياسر و هم يعذبون فيقول { صبرا آل ياسر , فان موعدكم الجنة",2
3,قولالرسول(ص):صبرا آل ياسر إن موعدكم الجنة,2
3,"قول رسول الله ص ""صبرا آل ياسر، فإن موعدكم الجنة"" ",2
3,استشهد بان الرسول كان يقول لهم صبرا آل ياسر فان موعدكم الجنة.,2
3,صبرا آل ياسر فأن موعدكم الجنة,2
3,قال رسول الله :(صبرا آل ياسر موعدكم الجنة).,2
3,قال  الرسول صلى الله عليه وسلم: ( صبرا آل ياسر فإن موعدكم الجنة),2
3,"لقوله (ص)""صبرا آل ياسر،فإن موعدكم الجنة""",2
3,قال الرسول صلى الله عليه و سلم  : ( صبرا ال يا سر فإن موعدكم الجنة ),2
3,"قال الرسول لآل ياسر : ""صبرا آل ياسر فإن موعدكم الجنة""",2
3,صبرا ال ياسر فان موعدكم الجنة,2
3,لان الرسول قال لهم : صبرا آل ياسر فإن موعدكم الجنة,2
3,قال رسول الله ( ص) : صبرا آل ياسر، فان موعدكم الجنة.,2
3,"كان يذهب إليهم و يقول لهم ""صبرا آل ياسر فإن موعدكم الجنة"" ",2
3,لقول رسول الله : صبرا آل ياسر فإن موعدكم الجنة,2
3,صبرا يا آل ياسر موعدكم الجنة,2
3,صبرا آل ياسر فإن موعدكم الجنة,2
3," ‏قال رسول الله صلى الله عليه وسلم : "" صبرا آل ياسر فإن موعدكم الجنة "" .",2
2,تسنس,0
2,عائلة يأسر المؤمنة هي رمز للإخلاص و التضحية في سبيل الله,0
2,من يؤمن بالله حقا،ولم يشرك به رغم تعرضه للأذى ،جزاء الجنة.,0
2,القيمة المستخلصة هي ان الاسلام بالقلب,0
2,المصير عندما تكون بخيلا,0
2,,0
2,تضحية في سبيل الله و الدين.,0
2,,0
2,,0
2,,0
2,,0
2,لقد استخلصت من هذه القصة بان آل ياسر سطروا بموقفهم اعلى رمز للفداء و التضحية في سبيل الله,0
2,الثبات على الدين برغم الصعاب,0
2,لقد ضحوا بحياتهم من اجل الاسلام,0
2,هي ان ال ياسر رمز الفداء و التقوى,0
2,,0
2,أن نتثبت بإيماننا بالله و الرسول,1
2,الأسرة الصابرة الطيبة,1
2,آل ياسر هم رمز الاخلاص و التضحية في سبيل الله,1
2,لم يفتر المشركون عن أذى رسول الله منذ أن جهر بالدعوة تعرض كثير من الصحابة بمثلهوغضب عليه وغضب عليه مواليه ان كانوا يخرجونهم ويعذبوهم الرمال المكة وكان يمر الرسول ويقول لهم اصبروا وقدم لهم والتضحية في سبيل الله,1
2,الفداء و التضحية في سبيل الله,1
2,انهم صبروا وتعذبوا وماتوا ولاكن الرسول صلىا الله عليه وسلم بالجنة,1
2,إن الصبر مفتاح الفرج,1
2,أن الصبر مفتاح الفرج,1
2,أعلى رمز للفداء و التضحية في سبيل الله,1
2,《احب الصحابة رضوان الله عليهم، و اقدر صبرهم و تضحياتهم العظيمة.》,1
2,الصبر مفتاح الفرج,1
2,التضحية في سبيل الله,1
2,الصبر أحدُ أكثر الأخلاق السامية في الإسلام,1
2,أحب الصحابة رضوان الله عليهم وأقدر صبرهم و أقدر تضحياتهم العظيمة في سبيل آلله  .,1
2,ان كل من مات في سبيل دينه هو شهيد و ان علينا الصبر في البلاء,1
2,الصبر طريق للهدى,1
2,هو ان جزاء الصبر هو الجنة و ان آل ياسر كانوا منهم.,1
2,‏انه إذا صبر الإنسان على أذى الناس و لم يعاملهم بالمثل يا سيكافؤه الله تعالى .,1
2,أن الصبر والمثابرة داءما جزاءهما الخير والجنة,1
2,أن الصبر والخير داءما طريقه الخير و الجنة,1
2,صبر آل ياسر على الأذى,2
2,هي أن الصبر يؤدي إلى الجنة,2
2,القيمة المستخلصة هي الصبر .,2
2,أن الصبر هو من أفضل الأعمال,2
2,القيمة المستخلصة هي الصبر.,2
2,الصبر,2
2,من صبر فموعده بالجنة لقوله تعالى ( واصبروا ان الله مع الصابرين ),2
2,القيمة هي الصبر,2
2,الصبر و التضحية في سبيل الله تعالى,2
2,القيمة المستخلصة هي الصبر,2
2,ان الصبر مهم,2
2,الصبر حتى يإتي الفرج.,2
2,القيمة  المستخلصة  من قصة آل  ياسر   أنه من ابتلاه الله فصبر فجزائه الجنة,2
2,الصبر مفتاح الجنة,2
2,القيمة المستخلصة هي الصبر على المحن و على الاذى,2
2,هي من صبر على الأدى فإن موعده الجنة,2
2,الصبر عند الابتلاء,2
2,الصبر,2
2,القيمة المستخلصة هي الصبر,2
2,الصبر,2
2,الصبر,2
2,ان علينا ان نصبر من اجل ايماننا .,2
2,صبرو على توحيد الله تعالى,2
2,القيمة المستخلصة هي:الصبر,2
2,القصه المستخلصة هي ان نصبروا في اي محنة وان الصبر جميل.,2
2,القيمة المستخلصة الصبر,2
2,الصبر,2
2,القيمة المستخلصة من قصة آل ياسر هي الصبر و التضحية في سبيل الله و الإسلام,2
2,اقدر صبرهم وتظحيتهم العظيمة,2
2,تحلي بالصبر,2
2,تقدير صبرهم و تضحياتهم العظيمة,2
2,هي صبر و التضحية في سبيل الله,2
2,الصبر,2
2,الصبر,2
1,العذاب الشديد في نار جهنم,0
1,يجازيه الله خير الجزاء,0
1,وسنس,0
1,بالصبر تكفر السيئات و الصبر على البلاء ذليل على رضى الله وأيضا بالصبر يبلغ المسلم درجة رفيعة عند الله,0
1,,0
1,جزاءه رضى الله,0
1,,0
1,,0
1,الصبر جزاؤه الفرج من عند الله,0
1,,0
1,,0
1,بالخير,0
1,,0
1,جزاؤه رضى الله عنه و رزقه في الدنيا و دخول الجنة بالآخرة,1
1,جزاؤه رضى الله عنه و رزقه في الدنيا و دخول الجنة في الآخرة,1
1,بموعد من الجنة,1
1,الجنه,1
1,جزاءه الجنة,2
1,الجنة,2
1,الجنة,2
1,جزاء من ابتلاه ربه فصبر الجنة.,2
1,الجنة,2
1,الجنة,2
1,الجنة,2
1,الجنة,2
1,بيتا في الجنة,2
1,جزاؤه الجنة.,2
1,جزاؤه  الجنة,2
1,ب الجنة,2
1,الجنة.,2
1,جزاء  من ابتلاه  الله فصبر هو  الجنة,2
1,الجنة,2
1,الجنة,2
1,الجنة,2
1,جنة الفردوس,2
1,الجنة,2
1,الجنة,2
1,الجنة,2
1,الجنة,2
1,جزاه الجنة,2
1,الجنة,2
1,الجنة,2
1,الجنة,2
1,من صبر فموعدهم في الجنة.,2
1,جزاءه الجنة.,2
1,الجنة,2
1,الجنة,2
1,الجنة,2
1,الجنةهو الجزاء.,2
1,ا لجنة,2
1,جزاءه الجنة,2
1,الجنة,2
1,جزاؤه الأجر الكبير و الجنة .,2
1,الجنة,2
1,الجنة,2
1,جزاؤه الجنة,2
1,الجنة,2
1,دخول الجنة,2
1,الجنة,2
1,الجنة,2
1,يجزي الله الصابرين بالجنة لقول رسول الله ( ص) :صبرا آل ياسر،فان موعدكم الجنة.,2
1,الجنة وأجر عضيم,2
1,دخول الجنة,2
1,جزاءه هو الحسنات في الدنيا والجنة في الآخرة.,2
1,الجنة,2
1,الجنه,2
1,جزاءه الجنة و رضى الله,2
1,"‏كما قال الرسول صلى الله عليه وسلم : "" صبرا آل ياسر، فإن موعدكم الجنة "" إذن جزاؤه الجنة . وعد الله تعالى عباده الصابرين على البلاء بأجر كثير ومغفرة من عنده .  ‏",2
1,جزاءه الجنة,2
1,الجنة,2